key_0,value_0,1720812011.9729989
key_1,value_1,1720812011.9731202
key_2,value_2,1720812011.9731917
key_3,value_3,1720812011.9732957
key_4,value_4,1720812011.9733627
key_5,value_5,1720812011.973455
key_6,value_6,1720812011.9735663
key_7,value_7,1720812011.9736683
key_8,value_8,1720812011.9737518
key_9,value_9,1720812011.9738266
key_10,value_10,1720812011.9738982
key_11,value_11,1720812011.9739702
key_12,value_12,1720812011.9740446
key_13,value_13,1720812011.9741213
key_14,value_14,1720812011.974206
key_15,value_15,1720812011.9742901
key_16,value_16,1720812011.974383
key_17,value_17,1720812011.9745505
key_18,value_18,1720812011.9746509
key_19,value_19,1720812011.9747515
key_20,value_20,1720812011.9748566
key_21,value_21,1720812011.975011
key_22,value_22,1720812011.9751232
key_23,value_23,1720812011.9752338
key_24,value_24,1720812011.9753506
key_25,value_25,1720812011.9756646
key_26,value_26,1720812011.9758317
key_27,value_27,1720812011.9759836
key_28,value_28,1720812011.9761257
key_29,value_29,1720812011.9762843
key_30,value_30,1720812011.9764493
key_31,value_31,1720812011.9766123
key_32,value_32,1720812011.9767857
key_33,value_33,1720812011.9769447
key_34,value_34,1720812011.9770973
key_35,value_35,1720812011.9772565
key_36,value_36,1720812011.9774418
key_37,value_37,1720812011.9776182
key_38,value_38,1720812011.9777908
key_39,value_39,1720812011.9779704
key_40,value_40,1720812011.9781456
key_41,value_41,1720812011.9783165
key_42,value_42,1720812011.9784963
key_43,value_43,1720812011.9786718
key_44,value_44,1720812011.9788465
key_45,value_45,1720812011.9790223
key_46,value_46,1720812011.9792016
key_47,value_47,1720812011.9793975
key_48,value_48,1720812011.9795825
key_49,value_49,1720812011.979778
key_50,value_50,1720812011.9799643
key_51,value_51,1720812011.9801536
key_52,value_52,1720812011.9803433
key_53,value_53,1720812011.9805417
key_54,value_54,1720812011.9807348
key_55,value_55,1720812011.9809284
key_56,value_56,1720812011.9811215
key_57,value_57,1720812011.9813194
key_58,value_58,1720812011.9815257
key_59,value_59,1720812011.9817278
key_60,value_60,1720812011.981929
key_61,value_61,1720812011.9821339
key_62,value_62,1720812011.9823382
key_63,value_63,1720812011.9825492
key_64,value_64,1720812011.9827578
key_65,value_65,1720812011.9829676
key_66,value_66,1720812011.9831793
key_67,value_67,1720812011.9833968
key_68,value_68,1720812011.9836516
key_69,value_69,1720812011.9838812
key_70,value_70,1720812011.9841132
key_71,value_71,1720812011.9843283
key_72,value_72,1720812011.9846535
key_73,value_73,1720812011.984908
key_74,value_74,1720812011.985144
key_75,value_75,1720812011.9853804
key_76,value_76,1720812011.985679
key_77,value_77,1720812011.9859028
key_78,value_78,1720812011.9861639
key_79,value_79,1720812011.9864109
key_80,value_80,1720812011.9867063
key_81,value_81,1720812011.9869742
key_82,value_82,1720812011.9872272
key_83,value_83,1720812011.9875743
key_84,value_84,1720812011.9878256
key_85,value_85,1720812011.988078
key_86,value_86,1720812011.9883327
key_87,value_87,1720812011.9886837
key_88,value_88,1720812011.9890738
key_89,value_89,1720812011.9895086
key_90,value_90,1720812011.9897718
key_91,value_91,1720812011.9900167
key_92,value_92,1720812011.9902623
key_93,value_93,1720812011.9905276
key_94,value_94,1720812011.9907775
key_95,value_95,1720812011.991028
key_96,value_96,1720812011.9912822
key_97,value_97,1720812011.9915788
key_98,value_98,1720812011.9918327
key_99,value_99,1720812011.992089
key_100,value_100,1720812011.992348
key_101,value_101,1720812011.9926116
key_102,value_102,1720812011.9928737
key_103,value_103,1720812011.993137
key_104,value_104,1720812011.9934032
key_105,value_105,1720812011.9937308
key_106,value_106,1720812011.993999
key_107,value_107,1720812011.9942658
key_108,value_108,1720812011.9945426
key_109,value_109,1720812011.994814
key_110,value_110,1720812011.995087
key_111,value_111,1720812011.9953618
key_112,value_112,1720812011.9956417
key_113,value_113,1720812011.995918
key_114,value_114,1720812011.9961946
key_115,value_115,1720812011.9965398
key_116,value_116,1720812012.004933
key_117,value_117,1720812012.0061567
key_118,value_118,1720812012.0073519
key_119,value_119,1720812012.0086732
key_120,value_120,1720812012.009992
key_121,value_121,1720812012.0110908
key_122,value_122,1720812012.0120087
key_123,value_123,1720812012.0129178
key_124,value_124,1720812012.013852
key_125,value_125,1720812012.0147743
key_126,value_126,1720812012.0156848
key_127,value_127,1720812012.0164661
key_128,value_128,1720812012.0171847
key_129,value_129,1720812012.0179412
key_130,value_130,1720812012.0187106
key_131,value_131,1720812012.0194647
key_132,value_132,1720812012.0202332
key_133,value_133,1720812012.0209343
key_134,value_134,1720812012.0216055
key_135,value_135,1720812012.0222533
key_136,value_136,1720812012.022891
key_137,value_137,1720812012.023565
key_138,value_138,1720812012.0241861
key_139,value_139,1720812012.0248415
key_140,value_140,1720812012.0255203
key_141,value_141,1720812012.0261295
key_142,value_142,1720812012.0266974
key_143,value_143,1720812012.027312
key_144,value_144,1720812012.0278902
key_145,value_145,1720812012.028537
key_146,value_146,1720812012.0290763
key_147,value_147,1720812012.0296543
key_148,value_148,1720812012.0302575
key_149,value_149,1720812012.0307994
key_150,value_150,1720812012.0312808
key_151,value_151,1720812012.0317676
key_152,value_152,1720812012.032269
key_153,value_153,1720812012.032788
key_154,value_154,1720812012.033376
key_155,value_155,1720812012.0339022
key_156,value_156,1720812012.0345328
key_157,value_157,1720812012.0351224
key_158,value_158,1720812012.0356503
key_159,value_159,1720812012.0362003
key_160,value_160,1720812012.0366802
key_161,value_161,1720812012.0372293
key_162,value_162,1720812012.0377066
key_163,value_163,1720812012.038254
key_164,value_164,1720812012.0387073
key_165,value_165,1720812012.0391693
key_166,value_166,1720812012.0396464
key_167,value_167,1720812012.0401728
key_168,value_168,1720812012.040653
key_169,value_169,1720812012.04114
key_170,value_170,1720812012.0415766
key_171,value_171,1720812012.0420074
key_172,value_172,1720812012.0425253
key_173,value_173,1720812012.0430164
key_174,value_174,1720812012.043516
key_175,value_175,1720812012.0439253
key_176,value_176,1720812012.0444114
key_177,value_177,1720812012.0449138
key_178,value_178,1720812012.0453594
key_179,value_179,1720812012.0458157
key_180,value_180,1720812012.04629
key_181,value_181,1720812012.0467212
key_182,value_182,1720812012.0471523
key_183,value_183,1720812012.0475953
key_184,value_184,1720812012.048037
key_185,value_185,1720812012.0484643
key_186,value_186,1720812012.0488749
key_187,value_187,1720812012.049293
key_188,value_188,1720812012.0497348
key_189,value_189,1720812012.0501828
key_190,value_190,1720812012.0506108
key_191,value_191,1720812012.0510352
key_192,value_192,1720812012.051494
key_193,value_193,1720812012.051963
key_194,value_194,1720812012.0524411
key_195,value_195,1720812012.0529144
key_196,value_196,1720812012.053389
key_197,value_197,1720812012.0538313
key_198,value_198,1720812012.0543063
key_199,value_199,1720812012.0547442
key_200,value_200,1720812012.0552225
key_201,value_201,1720812012.055667
key_202,value_202,1720812012.0561523
key_203,value_203,1720812012.0566418
key_204,value_204,1720812012.0571249
key_205,value_205,1720812012.0576212
key_206,value_206,1720812012.0581102
key_207,value_207,1720812012.058602
key_208,value_208,1720812012.0590959
key_209,value_209,1720812012.0595937
key_210,value_210,1720812012.0600433
key_211,value_211,1720812012.0605013
key_212,value_212,1720812012.0609577
key_213,value_213,1720812012.061446
key_214,value_214,1720812012.061928
key_215,value_215,1720812012.062416
key_216,value_216,1720812012.062902
key_217,value_217,1720812012.0633883
key_218,value_218,1720812012.0638528
key_219,value_219,1720812012.0643423
key_220,value_220,1720812012.0648088
key_221,value_221,1720812012.0653002
key_222,value_222,1720812012.0657728
key_223,value_223,1720812012.0662856
key_224,value_224,1720812012.0667896
key_225,value_225,1720812012.0673182
key_226,value_226,1720812012.0678213
key_227,value_227,1720812012.068352
key_228,value_228,1720812012.0688558
key_229,value_229,1720812012.0693867
key_230,value_230,1720812012.0699193
key_231,value_231,1720812012.0704634
key_232,value_232,1720812012.0709808
key_233,value_233,1720812012.0715263
key_234,value_234,1720812012.0720756
key_235,value_235,1720812012.0726213
key_236,value_236,1720812012.0731783
key_237,value_237,1720812012.0737376
key_238,value_238,1720812012.074294
key_239,value_239,1720812012.0748665
key_240,value_240,1720812012.0754375
key_241,value_241,1720812012.0759974
key_242,value_242,1720812012.0765705
key_243,value_243,1720812012.077144
key_244,value_244,1720812012.077726
key_245,value_245,1720812012.0783024
key_246,value_246,1720812012.078884
key_247,value_247,1720812012.0794728
key_248,value_248,1720812012.0800476
key_249,value_249,1720812012.0806284
key_250,value_250,1720812012.081221
key_251,value_251,1720812012.081835
key_252,value_252,1720812012.0824366
key_253,value_253,1720812012.083043
key_254,value_254,1720812012.0836406
key_255,value_255,1720812012.0842242
key_256,value_256,1720812012.08483
key_257,value_257,1720812012.0854933
key_258,value_258,1720812012.0860775
key_259,value_259,1720812012.0867207
key_260,value_260,1720812012.0873303
key_261,value_261,1720812012.0879838
key_262,value_262,1720812012.0886462
key_263,value_263,1720812012.0892563
key_264,value_264,1720812012.089901
key_265,value_265,1720812012.0905488
key_266,value_266,1720812012.0911677
key_267,value_267,1720812012.0918489
key_268,value_268,1720812012.0924928
key_269,value_269,1720812012.0931287
key_270,value_270,1720812012.093766
key_271,value_271,1720812012.0944011
key_272,value_272,1720812012.0950282
key_273,value_273,1720812012.0957549
key_274,value_274,1720812012.0963862
key_275,value_275,1720812012.0970488
key_276,value_276,1720812012.0976932
key_277,value_277,1720812012.0983334
key_278,value_278,1720812012.0989776
key_279,value_279,1720812012.0996318
key_280,value_280,1720812012.1002727
key_281,value_281,1720812012.1008947
key_282,value_282,1720812012.1015253
key_283,value_283,1720812012.1021733
key_284,value_284,1720812012.102835
key_285,value_285,1720812012.1034765
key_286,value_286,1720812012.104128
key_287,value_287,1720812012.1047902
key_288,value_288,1720812012.1054516
key_289,value_289,1720812012.1061375
key_290,value_290,1720812012.1068087
key_291,value_291,1720812012.1074991
key_292,value_292,1720812012.1081662
key_293,value_293,1720812012.1088183
key_294,value_294,1720812012.1094944
key_295,value_295,1720812012.1101632
key_296,value_296,1720812012.1108406
key_297,value_297,1720812012.1115193
key_298,value_298,1720812012.112187
key_299,value_299,1720812012.1128705
key_300,value_300,1720812012.1135526
key_301,value_301,1720812012.1142316
key_302,value_302,1720812012.114914
key_303,value_303,1720812012.115606
key_304,value_304,1720812012.1162832
key_305,value_305,1720812012.1169677
key_306,value_306,1720812012.1176698
key_307,value_307,1720812012.1183584
key_308,value_308,1720812012.1190727
key_309,value_309,1720812012.1198132
key_310,value_310,1720812012.1205206
key_311,value_311,1720812012.1212125
key_312,value_312,1720812012.121918
key_313,value_313,1720812012.1226048
key_314,value_314,1720812012.12328
key_315,value_315,1720812012.1239605
key_316,value_316,1720812012.1246433
key_317,value_317,1720812012.1253188
key_318,value_318,1720812012.1260004
key_319,value_319,1720812012.1266901
key_320,value_320,1720812012.1273699
key_321,value_321,1720812012.1280596
key_322,value_322,1720812012.1287513
key_323,value_323,1720812012.1294405
key_324,value_324,1720812012.1301377
key_325,value_325,1720812012.1308396
key_326,value_326,1720812012.1315522
key_327,value_327,1720812012.1322544
key_328,value_328,1720812012.132958
key_329,value_329,1720812012.133661
key_330,value_330,1720812012.1343648
key_331,value_331,1720812012.135179
key_332,value_332,1720812012.135948
key_333,value_333,1720812012.136711
key_334,value_334,1720812012.137449
key_335,value_335,1720812012.1381729
key_336,value_336,1720812012.1389427
key_337,value_337,1720812012.1397192
key_338,value_338,1720812012.1404383
key_339,value_339,1720812012.1411567
key_340,value_340,1720812012.1419194
key_341,value_341,1720812012.1426418
key_342,value_342,1720812012.1433613
key_343,value_343,1720812012.14409
key_344,value_344,1720812012.1448193
key_345,value_345,1720812012.1455476
key_346,value_346,1720812012.1462708
key_347,value_347,1720812012.1470034
key_348,value_348,1720812012.147739
key_349,value_349,1720812012.1484742
key_350,value_350,1720812012.1492052
key_351,value_351,1720812012.149943
key_352,value_352,1720812012.1506946
key_353,value_353,1720812012.1514366
key_354,value_354,1720812012.1521728
key_355,value_355,1720812012.1529746
key_356,value_356,1720812012.153784
key_357,value_357,1720812012.154662
key_358,value_358,1720812012.155574
key_359,value_359,1720812012.156448
key_360,value_360,1720812012.1573148
key_361,value_361,1720812012.158082
key_362,value_362,1720812012.1589003
key_363,value_363,1720812012.1597395
key_364,value_364,1720812012.1605968
key_365,value_365,1720812012.161486
key_366,value_366,1720812012.1623576
key_367,value_367,1720812012.1631277
key_368,value_368,1720812012.1639442
key_369,value_369,1720812012.1647947
key_370,value_370,1720812012.1656609
key_371,value_371,1720812012.1665149
key_372,value_372,1720812012.167389
key_373,value_373,1720812012.1682196
key_374,value_374,1720812012.1690478
key_375,value_375,1720812012.1698775
key_376,value_376,1720812012.170738
key_377,value_377,1720812012.1716092
key_378,value_378,1720812012.1725147
key_379,value_379,1720812012.1733415
key_380,value_380,1720812012.1741757
key_381,value_381,1720812012.1750507
key_382,value_382,1720812012.1759176
key_383,value_383,1720812012.176832
key_384,value_384,1720812012.1777718
key_385,value_385,1720812012.1787088
key_386,value_386,1720812012.1796525
key_387,value_387,1720812012.1805456
key_388,value_388,1720812012.1813812
key_389,value_389,1720812012.1822739
key_390,value_390,1720812012.1831777
key_391,value_391,1720812012.1840353
key_392,value_392,1720812012.184933
key_393,value_393,1720812012.1858287
key_394,value_394,1720812012.186722
key_395,value_395,1720812012.1876383
key_396,value_396,1720812012.1885192
key_397,value_397,1720812012.1894126
key_398,value_398,1720812012.1902914
key_399,value_399,1720812012.191153
key_400,value_400,1720812012.1920235
key_401,value_401,1720812012.1929271
key_402,value_402,1720812012.1938255
key_403,value_403,1720812012.1947253
key_404,value_404,1720812012.195644
key_405,value_405,1720812012.1965597
key_406,value_406,1720812012.1974866
key_407,value_407,1720812012.1983693
key_408,value_408,1720812012.1992135
key_409,value_409,1720812012.2000995
key_410,value_410,1720812012.2010155
key_411,value_411,1720812012.2019374
key_412,value_412,1720812012.2028549
key_413,value_413,1720812012.2037904
key_414,value_414,1720812012.204741
key_415,value_415,1720812012.2056782
key_416,value_416,1720812012.206619
key_417,value_417,1720812012.2075977
key_418,value_418,1720812012.2084544
key_419,value_419,1720812012.2093053
key_420,value_420,1720812012.2102015
key_421,value_421,1720812012.2110991
key_422,value_422,1720812012.2120361
key_423,value_423,1720812012.2129695
key_424,value_424,1720812012.2139082
key_425,value_425,1720812012.2148488
key_426,value_426,1720812012.2157903
key_427,value_427,1720812012.2167463
key_428,value_428,1720812012.2177532
key_429,value_429,1720812012.2187545
key_430,value_430,1720812012.2197492
key_431,value_431,1720812012.2206857
key_432,value_432,1720812012.2216065
key_433,value_433,1720812012.2225776
key_434,value_434,1720812012.2234619
key_435,value_435,1720812012.2243333
key_436,value_436,1720812012.2252598
key_437,value_437,1720812012.2261944
key_438,value_438,1720812012.2271533
key_439,value_439,1720812012.228139
key_440,value_440,1720812012.229123
key_441,value_441,1720812012.2301347
key_442,value_442,1720812012.2311313
key_443,value_443,1720812012.232136
key_444,value_444,1720812012.2331326
key_445,value_445,1720812012.2341425
key_446,value_446,1720812012.2351522
key_447,value_447,1720812012.2361665
key_448,value_448,1720812012.2371714
key_449,value_449,1720812012.238176
key_450,value_450,1720812012.2391508
key_451,value_451,1720812012.240161
key_452,value_452,1720812012.2411754
key_453,value_453,1720812012.2421668
key_454,value_454,1720812012.2431533
key_455,value_455,1720812012.2441714
key_456,value_456,1720812012.2451634
key_457,value_457,1720812012.2461905
key_458,value_458,1720812012.2471993
key_459,value_459,1720812012.248214
key_460,value_460,1720812012.2492206
key_461,value_461,1720812012.250229
key_462,value_462,1720812012.2512434
key_463,value_463,1720812012.2522585
key_464,value_464,1720812012.2532797
key_465,value_465,1720812012.2543035
key_466,value_466,1720812012.2553263
key_467,value_467,1720812012.256322
key_468,value_468,1720812012.2573025
key_469,value_469,1720812012.2583268
key_470,value_470,1720812012.2593682
key_471,value_471,1720812012.260408
key_472,value_472,1720812012.2614625
key_473,value_473,1720812012.262548
key_474,value_474,1720812012.2636287
key_475,value_475,1720812012.2647288
key_476,value_476,1720812012.2658143
key_477,value_477,1720812012.2669122
key_478,value_478,1720812012.2679832
key_479,value_479,1720812012.2690752
key_480,value_480,1720812012.2701564
key_481,value_481,1720812012.2712097
key_482,value_482,1720812012.2722645
key_483,value_483,1720812012.2733269
key_484,value_484,1720812012.2743855
key_485,value_485,1720812012.2754204
key_486,value_486,1720812012.2764332
key_487,value_487,1720812012.2775571
key_488,value_488,1720812012.2786765
key_489,value_489,1720812012.2797832
key_490,value_490,1720812012.280895
key_491,value_491,1720812012.281999
key_492,value_492,1720812012.283101
key_493,value_493,1720812012.2842011
key_494,value_494,1720812012.2852695
key_495,value_495,1720812012.2863398
key_496,value_496,1720812012.2874186
key_497,value_497,1720812012.2885265
key_498,value_498,1720812012.2896192
key_499,value_499,1720812012.2907615
key_501,value_501,1720812012.2930775
key_502,value_502,1720812012.294169
key_503,value_503,1720812012.2952402
key_504,value_504,1720812012.2963724
key_505,value_505,1720812012.2974398
key_506,value_506,1720812012.2985208
key_507,value_507,1720812012.2996426
key_508,value_508,1720812012.300801
key_509,value_509,1720812012.3019564
key_510,value_510,1720812012.3030615
key_511,value_511,1720812012.3041651
key_512,value_512,1720812012.3052428
key_513,value_513,1720812012.3064241
key_514,value_514,1720812012.307589
key_515,value_515,1720812012.3087204
key_516,value_516,1720812012.3098433
key_517,value_517,1720812012.3110003
key_518,value_518,1720812012.312132
key_519,value_519,1720812012.313255
key_520,value_520,1720812012.3143463
key_521,value_521,1720812012.3155103
key_522,value_522,1720812012.316715
key_523,value_523,1720812012.3179011
key_524,value_524,1720812012.3190758
key_525,value_525,1720812012.3202462
key_526,value_526,1720812012.3213837
key_527,value_527,1720812012.322533
key_528,value_528,1720812012.323689
key_529,value_529,1720812012.32487
key_530,value_530,1720812012.3260436
key_531,value_531,1720812012.3272245
key_532,value_532,1720812012.3283753
key_533,value_533,1720812012.3295505
key_534,value_534,1720812012.3307943
key_535,value_535,1720812012.331998
key_536,value_536,1720812012.3332071
key_537,value_537,1720812012.3343647
key_538,value_538,1720812012.335528
key_539,value_539,1720812012.336694
key_540,value_540,1720812012.3378656
key_541,value_541,1720812012.339075
key_542,value_542,1720812012.340255
key_543,value_543,1720812012.3415093
key_544,value_544,1720812012.34268
key_545,value_545,1720812012.3438914
key_546,value_546,1720812012.345134
key_547,value_547,1720812012.3462453
key_548,value_548,1720812012.347301
key_549,value_549,1720812012.3483589
key_550,value_550,1720812012.3493845
key_551,value_551,1720812012.35057
key_552,value_552,1720812012.3517697
key_553,value_553,1720812012.3528776
key_554,value_554,1720812012.353964
key_555,value_555,1720812012.35511
key_556,value_556,1720812012.3562095
key_557,value_557,1720812012.3572748
key_558,value_558,1720812012.3583112
key_559,value_559,1720812012.3594532
key_560,value_560,1720812012.3605685
key_561,value_561,1720812012.3617496
key_562,value_562,1720812012.3628821
key_563,value_563,1720812012.364012
key_564,value_564,1720812012.3651042
key_565,value_565,1720812012.3662674
key_566,value_566,1720812012.3673522
key_567,value_567,1720812012.3684614
key_568,value_568,1720812012.369592
key_569,value_569,1720812012.370739
key_570,value_570,1720812012.3718998
key_571,value_571,1720812012.373031
key_572,value_572,1720812012.3741605
key_573,value_573,1720812012.3752627
key_574,value_574,1720812012.3763654
key_575,value_575,1720812012.3774736
key_576,value_576,1720812012.3786328
key_577,value_577,1720812012.3797832
key_578,value_578,1720812012.3809457
key_579,value_579,1720812012.3820903
key_580,value_580,1720812012.3832421
key_581,value_581,1720812012.384409
key_582,value_582,1720812012.385537
key_583,value_583,1720812012.3867054
key_584,value_584,1720812012.3878696
key_585,value_585,1720812012.3890202
key_586,value_586,1720812012.3901696
key_587,value_587,1720812012.3912888
key_588,value_588,1720812012.3924
key_589,value_589,1720812012.3935342
key_590,value_590,1720812012.3947258
key_591,value_591,1720812012.3958848
key_592,value_592,1720812012.397048
key_593,value_593,1720812012.3981857
key_594,value_594,1720812012.3992963
key_595,value_595,1720812012.400447
key_596,value_596,1720812012.4016116
key_597,value_597,1720812012.402827
key_598,value_598,1720812012.4040346
key_599,value_599,1720812012.4052258
key_600,value_600,1720812012.406354
key_601,value_601,1720812012.4074783
key_602,value_602,1720812012.4086738
key_603,value_603,1720812012.4098685
key_604,value_604,1720812012.411063
key_605,value_605,1720812012.4122527
key_606,value_606,1720812012.4134037
key_607,value_607,1720812012.4145155
key_608,value_608,1720812012.4156647
key_609,value_609,1720812012.4168148
key_610,value_610,1720812012.4179676
key_611,value_611,1720812012.419094
key_612,value_612,1720812012.4202447
key_613,value_613,1720812012.4213693
key_614,value_614,1720812012.4225285
key_615,value_615,1720812012.4236567
key_616,value_616,1720812012.4248126
key_617,value_617,1720812012.4259443
key_618,value_618,1720812012.427106
key_619,value_619,1720812012.4282641
key_620,value_620,1720812012.429385
key_621,value_621,1720812012.430567
key_622,value_622,1720812012.4317572
key_623,value_623,1720812012.4328897
key_624,value_624,1720812012.4341834
key_625,value_625,1720812012.4353364
key_626,value_626,1720812012.4364774
key_627,value_627,1720812012.437623
key_628,value_628,1720812012.4387894
key_629,value_629,1720812012.439926
key_630,value_630,1720812012.4410658
key_631,value_631,1720812012.4422402
key_632,value_632,1720812012.4433784
key_633,value_633,1720812012.444523
key_634,value_634,1720812012.4456875
key_635,value_635,1720812012.4468749
key_636,value_636,1720812012.4480376
key_637,value_637,1720812012.449229
key_638,value_638,1720812012.4503994
key_639,value_639,1720812012.4516044
key_640,value_640,1720812012.452776
key_641,value_641,1720812012.4539747
key_642,value_642,1720812012.4551482
key_643,value_643,1720812012.456349
key_644,value_644,1720812012.4575264
key_645,value_645,1720812012.4587364
key_646,value_646,1720812012.4599175
key_647,value_647,1720812012.4611254
key_648,value_648,1720812012.462308
key_649,value_649,1720812012.4635231
key_650,value_650,1720812012.4647105
key_651,value_651,1720812012.4659293
key_652,value_652,1720812012.4671166
key_653,value_653,1720812012.4683359
key_654,value_654,1720812012.4695268
key_655,value_655,1720812012.470743
key_656,value_656,1720812012.4719453
key_657,value_657,1720812012.473199
key_658,value_658,1720812012.4744143
key_659,value_659,1720812012.4756699
key_660,value_660,1720812012.4768772
key_661,value_661,1720812012.478134
key_662,value_662,1720812012.4793491
key_663,value_663,1720812012.4805698
key_664,value_664,1720812012.481787
key_665,value_665,1720812012.483043
key_666,value_666,1720812012.4842703
key_667,value_667,1720812012.4855316
key_668,value_668,1720812012.486753
key_669,value_669,1720812012.4880152
key_670,value_670,1720812012.489239
key_671,value_671,1720812012.4905338
key_672,value_672,1720812012.4917798
key_673,value_673,1720812012.4931831
key_674,value_674,1720812012.4945238
key_675,value_675,1720812012.4957707
key_676,value_676,1720812012.4970026
key_677,value_677,1720812012.4982128
key_678,value_678,1720812012.4995182
key_679,value_679,1720812012.500739
key_680,value_680,1720812012.5020137
key_681,value_681,1720812012.5032375
key_682,value_682,1720812012.5044813
key_683,value_683,1720812012.5057433
key_684,value_684,1720812012.507068
key_685,value_685,1720812012.508297
key_686,value_686,1720812012.5095425
key_687,value_687,1720812012.5107672
key_688,value_688,1720812012.5120564
key_689,value_689,1720812012.5133278
key_690,value_690,1720812012.5145805
key_691,value_691,1720812012.5158546
key_692,value_692,1720812012.5171506
key_693,value_693,1720812012.5183854
key_694,value_694,1720812012.51968
key_695,value_695,1720812012.5209558
key_696,value_696,1720812012.5222783
key_697,value_697,1720812012.5235574
key_698,value_698,1720812012.5248654
key_699,value_699,1720812012.5261905
key_700,value_700,1720812012.5275192
key_701,value_701,1720812012.5288076
key_702,value_702,1720812012.5301156
key_703,value_703,1720812012.531467
key_704,value_704,1720812012.532812
key_705,value_705,1720812012.534133
key_706,value_706,1720812012.535486
key_707,value_707,1720812012.5367863
key_708,value_708,1720812012.538119
key_709,value_709,1720812012.5394626
key_710,value_710,1720812012.54075
key_711,value_711,1720812012.5420115
key_712,value_712,1720812012.5433037
key_713,value_713,1720812012.5446134
key_714,value_714,1720812012.5459478
key_715,value_715,1720812012.547258
key_716,value_716,1720812012.548552
key_717,value_717,1720812012.5498302
key_718,value_718,1720812012.5512342
key_719,value_719,1720812012.5525608
key_720,value_720,1720812012.553859
key_721,value_721,1720812012.5551775
key_722,value_722,1720812012.556559
key_723,value_723,1720812012.5578392
key_724,value_724,1720812012.559183
key_725,value_725,1720812012.5605364
key_726,value_726,1720812012.5618765
key_727,value_727,1720812012.5632076
key_728,value_728,1720812012.5645852
key_729,value_729,1720812012.5659115
key_730,value_730,1720812012.5672615
key_731,value_731,1720812012.5686336
key_732,value_732,1720812012.5699909
key_733,value_733,1720812012.5713272
key_734,value_734,1720812012.572726
key_735,value_735,1720812012.5740728
key_736,value_736,1720812012.5757303
key_737,value_737,1720812012.5772638
key_738,value_738,1720812012.579061
key_739,value_739,1720812012.5808778
key_740,value_740,1720812012.5826154
key_741,value_741,1720812012.5843792
key_742,value_742,1720812012.5861058
key_743,value_743,1720812012.5875957
key_744,value_744,1720812012.5889657
key_745,value_745,1720812012.590387
key_746,value_746,1720812012.5917687
key_747,value_747,1720812012.5931711
key_748,value_748,1720812012.5945632
key_749,value_749,1720812012.5959404
key_750,value_750,1720812012.5974298
key_751,value_751,1720812012.598974
key_752,value_752,1720812012.6004062
key_753,value_753,1720812012.6018884
key_754,value_754,1720812012.6033196
key_755,value_755,1720812012.6048312
key_756,value_756,1720812012.6063466
key_757,value_757,1720812012.607843
key_758,value_758,1720812012.6092987
key_759,value_759,1720812012.6109083
key_760,value_760,1720812012.6123617
key_761,value_761,1720812012.6137655
key_762,value_762,1720812012.6151667
key_763,value_763,1720812012.616616
key_764,value_764,1720812012.6180577
key_765,value_765,1720812012.619539
key_766,value_766,1720812012.6209898
key_767,value_767,1720812012.6224377
key_768,value_768,1720812012.623944
key_769,value_769,1720812012.6254418
key_770,value_770,1720812012.627154
key_771,value_771,1720812012.6286602
key_772,value_772,1720812012.6301584
key_773,value_773,1720812012.6316018
key_774,value_774,1720812012.6330023
key_775,value_775,1720812012.6344311
key_776,value_776,1720812012.6358995
key_777,value_777,1720812012.6373756
key_778,value_778,1720812012.639098
key_779,value_779,1720812012.6406684
key_780,value_780,1720812012.6421385
key_781,value_781,1720812012.6435397
key_782,value_782,1720812012.6449864
key_783,value_783,1720812012.6464233
key_784,value_784,1720812012.6478643
key_785,value_785,1720812012.6493077
key_786,value_786,1720812012.650728
key_787,value_787,1720812012.6522312
key_788,value_788,1720812012.6537883
key_789,value_789,1720812012.6555252
key_790,value_790,1720812012.6571348
key_791,value_791,1720812012.658748
key_792,value_792,1720812012.6603494
key_793,value_793,1720812012.6619024
key_794,value_794,1720812012.6634383
key_795,value_795,1720812012.6649513
key_796,value_796,1720812012.666586
key_797,value_797,1720812012.6681864
key_798,value_798,1720812012.6697807
key_799,value_799,1720812012.6715531
key_800,value_800,1720812012.6731532
key_801,value_801,1720812012.6747196
key_802,value_802,1720812012.6762626
key_803,value_803,1720812012.67772
key_804,value_804,1720812012.679248
key_805,value_805,1720812012.6807063
key_806,value_806,1720812012.6822364
key_807,value_807,1720812012.683696
key_808,value_808,1720812012.6852276
key_809,value_809,1720812012.686963
key_810,value_810,1720812012.688688
key_811,value_811,1720812012.690237
key_812,value_812,1720812012.6916854
key_813,value_813,1720812012.6931949
key_814,value_814,1720812012.6947236
key_815,value_815,1720812012.696265
key_816,value_816,1720812012.6977427
key_817,value_817,1720812012.6992898
key_818,value_818,1720812012.700772
key_819,value_819,1720812012.7023196
key_820,value_820,1720812012.7039127
key_821,value_821,1720812012.7055502
key_822,value_822,1720812012.7072263
key_823,value_823,1720812012.7088604
key_824,value_824,1720812012.7106597
key_825,value_825,1720812012.712313
key_826,value_826,1720812012.713885
key_827,value_827,1720812012.7155313
key_828,value_828,1720812012.717216
key_829,value_829,1720812012.7188468
key_830,value_830,1720812012.7205245
key_831,value_831,1720812012.7222002
key_832,value_832,1720812012.7238579
key_833,value_833,1720812012.7254906
key_834,value_834,1720812012.7271273
key_835,value_835,1720812012.7287884
key_836,value_836,1720812012.7304883
key_837,value_837,1720812012.7321088
key_838,value_838,1720812012.7337291
key_839,value_839,1720812012.7353415
key_840,value_840,1720812012.7370262
key_841,value_841,1720812012.7387252
key_842,value_842,1720812012.7404065
key_843,value_843,1720812012.7420323
key_844,value_844,1720812012.743658
key_845,value_845,1720812012.745249
key_846,value_846,1720812012.746787
key_847,value_847,1720812012.7483876
key_848,value_848,1720812012.7499735
key_849,value_849,1720812012.7515593
key_850,value_850,1720812012.7532325
key_851,value_851,1720812012.75487
key_852,value_852,1720812012.7567291
key_853,value_853,1720812012.758503
key_854,value_854,1720812012.7602518
key_855,value_855,1720812012.7618806
key_856,value_856,1720812012.763568
key_857,value_857,1720812012.7652247
key_858,value_858,1720812012.7668505
key_859,value_859,1720812012.7685535
key_860,value_860,1720812012.7702546
key_861,value_861,1720812012.7719
key_862,value_862,1720812012.773568
key_863,value_863,1720812012.77507
key_864,value_864,1720812012.776628
key_865,value_865,1720812012.778173
key_866,value_866,1720812012.7797635
key_867,value_867,1720812012.7813485
key_868,value_868,1720812012.7829442
key_869,value_869,1720812012.7845814
key_870,value_870,1720812012.7861798
key_871,value_871,1720812012.7878137
key_872,value_872,1720812012.789454
key_873,value_873,1720812012.791048
key_874,value_874,1720812012.7926946
key_875,value_875,1720812012.794297
key_876,value_876,1720812012.795948
key_877,value_877,1720812012.7975183
key_878,value_878,1720812012.7990882
key_879,value_879,1720812012.800657
key_880,value_880,1720812012.8022313
key_881,value_881,1720812012.8038032
key_882,value_882,1720812012.8053792
key_883,value_883,1720812012.8069983
key_884,value_884,1720812012.808664
key_885,value_885,1720812012.8102953
key_886,value_886,1720812012.811936
key_887,value_887,1720812012.8139405
key_888,value_888,1720812012.815774
key_889,value_889,1720812012.8175206
key_890,value_890,1720812012.8191543
key_891,value_891,1720812012.8208294
key_892,value_892,1720812012.8224738
key_893,value_893,1720812012.8240685
key_894,value_894,1720812012.8256676
key_895,value_895,1720812012.827233
key_896,value_896,1720812012.8288372
key_897,value_897,1720812012.8304977
key_898,value_898,1720812012.832103
key_899,value_899,1720812012.8337123
key_900,value_900,1720812012.8353617
key_901,value_901,1720812012.8370104
key_902,value_902,1720812012.8387222
key_903,value_903,1720812012.8405252
key_904,value_904,1720812012.8423312
key_905,value_905,1720812012.844106
key_906,value_906,1720812012.8460417
key_907,value_907,1720812012.8479002
key_908,value_908,1720812012.8496234
key_909,value_909,1720812012.8513746
key_910,value_910,1720812012.853059
key_911,value_911,1720812012.8549182
key_912,value_912,1720812012.8567426
key_913,value_913,1720812012.8585067
key_914,value_914,1720812012.8603318
key_915,value_915,1720812012.8619702
key_916,value_916,1720812012.863777
key_917,value_917,1720812012.8655493
key_918,value_918,1720812012.8672166
key_919,value_919,1720812012.8689947
key_920,value_920,1720812012.8707387
key_921,value_921,1720812012.8726132
key_922,value_922,1720812012.874448
key_923,value_923,1720812012.8762994
key_924,value_924,1720812012.8780835
key_925,value_925,1720812012.879882
key_926,value_926,1720812012.8816981
key_927,value_927,1720812012.8834717
key_928,value_928,1720812012.885234
key_929,value_929,1720812012.8869855
key_930,value_930,1720812012.8887749
key_931,value_931,1720812012.8905213
key_932,value_932,1720812012.892275
key_933,value_933,1720812012.8940206
key_934,value_934,1720812012.8958309
key_935,value_935,1720812012.8975608
key_936,value_936,1720812012.8993042
key_937,value_937,1720812012.900971
key_938,value_938,1720812012.9027236
key_939,value_939,1720812012.9045339
key_940,value_940,1720812012.9063394
key_941,value_941,1720812012.9081001
key_942,value_942,1720812012.9099364
key_943,value_943,1720812012.911709
key_944,value_944,1720812012.9136527
key_945,value_945,1720812012.9154727
key_946,value_946,1720812012.917514
key_947,value_947,1720812012.919334
key_948,value_948,1720812012.9211066
key_949,value_949,1720812012.922909
key_950,value_950,1720812012.924768
key_951,value_951,1720812012.9265883
key_952,value_952,1720812012.9283748
key_953,value_953,1720812012.9302819
key_954,value_954,1720812012.932114
key_955,value_955,1720812012.9339323
key_956,value_956,1720812012.9357526
key_957,value_957,1720812012.9375868
key_958,value_958,1720812012.9394732
key_959,value_959,1720812012.9413302
key_960,value_960,1720812012.9432383
key_961,value_961,1720812012.9451008
key_962,value_962,1720812012.9469116
key_963,value_963,1720812012.949095
key_964,value_964,1720812012.9511142
key_965,value_965,1720812012.9530616
key_966,value_966,1720812012.954987
key_967,value_967,1720812012.9569862
key_968,value_968,1720812012.958855
key_969,value_969,1720812012.9608638
key_970,value_970,1720812012.9630628
key_971,value_971,1720812012.9649322
key_972,value_972,1720812012.9668398
key_973,value_973,1720812012.9687243
key_974,value_974,1720812012.970577
key_975,value_975,1720812012.9723725
key_976,value_976,1720812012.9741616
key_977,value_977,1720812012.9759886
key_978,value_978,1720812012.9779239
key_979,value_979,1720812012.979851
key_980,value_980,1720812012.9816527
key_981,value_981,1720812012.9834952
key_982,value_982,1720812012.9853992
key_983,value_983,1720812012.9872723
key_984,value_984,1720812012.989045
key_985,value_985,1720812012.990974
key_986,value_986,1720812012.9928617
key_987,value_987,1720812012.9947531
key_988,value_988,1720812012.9966643
key_989,value_989,1720812012.998615
key_990,value_990,1720812013.0004632
key_991,value_991,1720812013.002334
key_992,value_992,1720812013.0041401
key_993,value_993,1720812013.0060496
key_994,value_994,1720812013.007944
key_995,value_995,1720812013.0098357
key_996,value_996,1720812013.0117629
key_997,value_997,1720812013.0137696
key_998,value_998,1720812013.0156567
key_999,value_999,1720812013.0175135
